title,score,url,id,author,text,created_utc,num_comments
Higgins or Brian Thomas Jr? ,0,https://www.reddit.com/r/fantasyfootball/comments/1gncgue/higgins_or_brian_thomas_jr/,1gncgue,cardsdowngunsdrawn,I'm trading for a WR. I have Deebo and Adams and need to beefen my WR corps. Should I take Higgins or BTJ? ,1731165957.0,2
"Report: Saints' Chris Olave likely headed to IR, could miss rest of season after suffering second concussion ",17,https://thescore.com/nfl/news/3123065,1gnc6ke,Oldtimer_2,,1731165159.0,0
Fantasy Football Start / Sit Week 10 Advice: Tyrone Tracy Jr. and Khalil Shakir Among Best Starts,5,https://blitzsportzmedia.com/fantasy-football-start-sit-week-10-2024/,1gnc3r8,Professional-Let9752,,1731164934.0,28
Fantasy Football Tiers - Week 10 (Saturday),12,https://fantasyfootballtiers.com/,1gnbgag,fantasyfootballtiers,,1731163054.0,7
"Given the nature of his injury, the team’s record, and the fact that he’s been seeing specialists, there is a real chance Olave has played his last down in 2024.",227,https://x.com/RapSheet/status/1855249765597880564?t=5lzaKID9Iuxhop6OPIeRJA&s=19,1gnas5c,HookFL,,1731161031.0,44
"Saints WR Chris Olave, who was ruled out for Sunday and is seeking opinions of experts on his concussion, is expected to be placed on Injured Reserve, sources say. The move should be official later today. He’s out at least four games.",82,https://twitter.com/rapsheet/status/1855248981434990982,1gnaphr,StrachNasty,,1731160825.0,38
India will not travel to Pakistan for 2025 Champions Trophy,9,https://www.espncricinfo.com/story/india-will-not-travel-to-pakistan-for-2025-champions-trophy-1458978,1gn9h6l,hawlc,,1731156802.0,0
Official: [Index] - For All Your Team/League Questions - Sat Morning 11/09/2024,2,https://www.reddit.com/r/fantasyfootball/comments/1gn8nw7/official_index_for_all_your_teamleague_questions/,1gn8nw7,FFBot,"___

###**PLEASE READ**

* How to post a [Player Discussion](https://www.reddit.com/r/fantasyfootball/comments/1ekq0wn/dos_and_donts_of_crafting_a_quality_player/) or [Injury Thread](https://redd.it/2koxce) 
* [Sub Rules and Guidelines](http://www.reddit.com/r/fantasyfootball/wiki/rules_guidelines)  
* [Our Wiki with tons of great content!](http://www.reddit.com/r/fantasyfootball/wiki/index)  
* [FAQ](/r/fantasyfootball/wiki/faq) 


 --- 

**[Official Reddit FanDuel league](https://fanduel.com/reddit/)** 

*^We've ^partnered ^with ^FanDuel ^to ^host ^a ^series ^of ^redditor-only ^free ^contests ^with ^$2,800 ^in ^cash ^prizes! ^During ^Weeks ^1-20, ^there ^will ^be ^a ^free ^play ^contest ^with ^$125 ^in ^cash ^prizes.*


**Other /r/fantasyfootball Contests**  

* Official Reddit r/fantasyfootball league at r/NarFFL or [narffl.com](https://narffl.com/)  

* [View our Pick 'em, Eliminator, and Gridiron games at NarFFL.com](https://narffl.com/games/other) 

---
----
**The following users have helped the most people in all of the threads:**

User | # Helped in thread
-------|:-----:
 --- 

#[Official: [Add/Drop] - Sat Morning 11/09/2024](/r/fantasyfootball/comments/1gn8mlg/official_adddrop_sat_morning_11092024/)

-------------



User | # Helped in thread | # Helped in all threads | Direct Link
----|:-----:|:-----:|----
v_a_n_d_e_l_a_y | 1 | 1 | [Comment](/r/fantasyfootball/comments/1gn8mlg/official_adddrop_sat_morning_11092024/lw96jrh/)
Itchy1Grip | 0 | 5 | [Comment](/r/fantasyfootball/comments/1gn8mlg/official_adddrop_sat_morning_11092024/lw97tye/)
mwg3c | 0 | 0 | [Comment](/r/fantasyfootball/comments/1gn8mlg/official_adddrop_sat_morning_11092024/lw8o4hk/)
loganbenji228 | 0 | 0 | [Comment](/r/fantasyfootball/comments/1gn8mlg/official_adddrop_sat_morning_11092024/lw8tbao/)
ffgod_zito | 0 | 0 | [Comment](/r/fantasyfootball/comments/1gn8mlg/official_adddrop_sat_morning_11092024/lw8tuvd/)
Realistic-Ad-2208 | 0 | 0 | [Comment](/r/fantasyfootball/comments/1gn8mlg/official_adddrop_sat_morning_11092024/lw907qi/)
TomorrowNevahKnows | 0 | 0 | [Comment](/r/fantasyfootball/comments/1gn8mlg/official_adddrop_sat_morning_11092024/lw945ub/)
Shablagoosh | 0 | 0 | [Comment](/r/fantasyfootball/comments/1gn8mlg/official_adddrop_sat_morning_11092024/lw95qip/)
caltjhix | 0 | 0 | [Comment](/r/fantasyfootball/comments/1gn8mlg/official_adddrop_sat_morning_11092024/lw99h28/)

^(This table will be updated every ~15 minutes.)
 --- 

#[Official: [Dynasty & Best Ball] - Sat Morning 11/09/2024](/r/fantasyfootball/comments/1gn8mml/official_dynasty_best_ball_sat_morning_11092024/)
 --- 

#[Official: [Fix My Team] - Sat Morning 11/09/2024](/r/fantasyfootball/comments/1gn8mnl/official_fix_my_team_sat_morning_11092024/)

-------------



User | # Helped in thread | # Helped in all threads | Direct Link
----|:-----:|:-----:|----
jackspurs25 | 0 | 0 | [Comment](/r/fantasyfootball/comments/1gn8mnl/official_fix_my_team_sat_morning_11092024/lw8s1pm/)
EricB1234 | 0 | 0 | [Comment](/r/fantasyfootball/comments/1gn8mnl/official_fix_my_team_sat_morning_11092024/lw97v0l/)

^(This table will be updated every ~15 minutes.)
 --- 

#[Official: [League, Commissioner, and Platform Issues] - Sat Morning 11/09/2024](/r/fantasyfootball/comments/1gn8moh/official_league_commissioner_and_platform_issues/)
 --- 

#[Official: [Trade] - Sat Morning 11/09/2024](/r/fantasyfootball/comments/1gn8mp7/official_trade_sat_morning_11092024/)

-------------



User | # Helped in thread | # Helped in all threads | Direct Link
----|:-----:|:-----:|----
TheHurdleTurtle | 7 | 10 | [Comment](/r/fantasyfootball/comments/1gn8mp7/official_trade_sat_morning_11092024/lw98avh/)
TemporaryCheap8347 | 2 | 2 | [Comment](/r/fantasyfootball/comments/1gn8mp7/official_trade_sat_morning_11092024/lw9908v/)
monkeyybarz | 1 | 2 | [Comment](/r/fantasyfootball/comments/1gn8mp7/official_trade_sat_morning_11092024/lw940wp/)
givemetendies12 | 1 | 1 | [Comment](/r/fantasyfootball/comments/1gn8mp7/official_trade_sat_morning_11092024/lw8ma6d/)
tweekyn | 1 | 1 | [Comment](/r/fantasyfootball/comments/1gn8mp7/official_trade_sat_morning_11092024/lw8mwzd/)
conman1983 | 0 | 0 | [Comment](/r/fantasyfootball/comments/1gn8mp7/official_trade_sat_morning_11092024/lw8n2rs/)
ethstein | 0 | 0 | [Comment](/r/fantasyfootball/comments/1gn8mp7/official_trade_sat_morning_11092024/lw8nr1c/)
13ootyKnight | 0 | 0 | [Comment](/r/fantasyfootball/comments/1gn8mp7/official_trade_sat_morning_11092024/lw8phrd/)
Krab_Vision | 0 | 0 | [Comment](/r/fantasyfootball/comments/1gn8mp7/official_trade_sat_morning_11092024/lw8yklk/)
tablasco | 0 | 0 | [Comment](/r/fantasyfootball/comments/1gn8mp7/official_trade_sat_morning_11092024/lw8zxou/)
MotivatedLamb93 | 0 | 0 | [Comment](/r/fantasyfootball/comments/1gn8mp7/official_trade_sat_morning_11092024/lw90jz2/)
SergeantVersace | 0 | 0 | [Comment](/r/fantasyfootball/comments/1gn8mp7/official_trade_sat_morning_11092024/lw90s74/)
imconsideringdascrod | 0 | 0 | [Comment](/r/fantasyfootball/comments/1gn8mp7/official_trade_sat_morning_11092024/lw92yg0/)
**and 12 others.**| | 

^(This table will be updated every ~15 minutes.)
 --- 

#[Official: [WDIS Flex] - Sat Morning 11/09/2024](/r/fantasyfootball/comments/1gn8mqf/official_wdis_flex_sat_morning_11092024/)

-------------



User | # Helped in thread | # Helped in all threads | Direct Link
----|:-----:|:-----:|----
frankthetank425 | 2 | 6 | [Comment](/r/fantasyfootball/comments/1gn8mqf/official_wdis_flex_sat_morning_11092024/lw91j23/)
majorunderpants | 2 | 6 | [Comment](/r/fantasyfootball/comments/1gn8mqf/official_wdis_flex_sat_morning_11092024/lw99l4x/)
effyouceekay | 2 | 5 | [Comment](/r/fantasyfootball/comments/1gn8mqf/official_wdis_flex_sat_morning_11092024/lw8typg/)
zerg1980 | 2 | 2 | [Comment](/r/fantasyfootball/comments/1gn8mqf/official_wdis_flex_sat_morning_11092024/lw8xbg7/)
Turtles_14 | 1 | 1 | [Comment](/r/fantasyfootball/comments/1gn8mqf/official_wdis_flex_sat_morning_11092024/lw8ruo6/)
Correct-Schedule-648 | 1 | 1 | [Comment](/r/fantasyfootball/comments/1gn8mqf/official_wdis_flex_sat_morning_11092024/lw957lz/)
romeocoello87 | 0 | 5 | [Comment](/r/fantasyfootball/comments/1gn8mqf/official_wdis_flex_sat_morning_11092024/lw8xys8/)
Haytham_Ken | 0 | 1 | [Comment](/r/fantasyfootball/comments/1gn8mqf/official_wdis_flex_sat_morning_11092024/lw9aqif/)
TheCe1ebrity | 0 | 0 | [Comment](/r/fantasyfootball/comments/1gn8mqf/official_wdis_flex_sat_morning_11092024/lw8oin4/)
Cjar25 | 0 | 0 | [Comment](/r/fantasyfootball/comments/1gn8mqf/official_wdis_flex_sat_morning_11092024/lw8q2cg/)
mwg3c | 0 | 0 | [Comment](/r/fantasyfootball/comments/1gn8mqf/official_wdis_flex_sat_morning_11092024/lw8rjsn/)
kidswithcrowns | 0 | 0 | [Comment](/r/fantasyfootball/comments/1gn8mqf/official_wdis_flex_sat_morning_11092024/lw8sqce/)
RealisticOpposite16 | 0 | 0 | [Comment](/r/fantasyfootball/comments/1gn8mqf/official_wdis_flex_sat_morning_11092024/lw8u5qy/)
**and 13 others.**| | 

^(This table will be updated every ~15 minutes.)
 --- 

#[Official: [WDIS K/TE/DEF] - Sat Morning 11/09/2024](/r/fantasyfootball/comments/1gn8mr8/official_wdis_ktedef_sat_morning_11092024/)

-------------



User | # Helped in thread | # Helped in all threads | Direct Link
----|:-----:|:-----:|----
Slashzero77 | 3 | 7 | [Comment](/r/fantasyfootball/comments/1gn8mr8/official_wdis_ktedef_sat_morning_11092024/lw8nr63/)
yeetmaster64xxx | 2 | 2 | [Comment](/r/fantasyfootball/comments/1gn8mr8/official_wdis_ktedef_sat_morning_11092024/lw9c19r/)
literally-default-01 | 1 | 1 | [Comment](/r/fantasyfootball/comments/1gn8mr8/official_wdis_ktedef_sat_morning_11092024/lw93lar/)
v_a_n_d_e_l_a_y | 0 | 1 | [Comment](/r/fantasyfootball/comments/1gn8mr8/official_wdis_ktedef_sat_morning_11092024/lw963p9/)
shaggyduke | 0 | 0 | [Comment](/r/fantasyfootball/comments/1gn8mr8/official_wdis_ktedef_sat_morning_11092024/lw8mw8l/)
Ilzg10 | 0 | 0 | [Comment](/r/fantasyfootball/comments/1gn8mr8/official_wdis_ktedef_sat_morning_11092024/lw8q00q/)
mwg3c | 0 | 0 | [Comment](/r/fantasyfootball/comments/1gn8mr8/official_wdis_ktedef_sat_morning_11092024/lw8qx3r/)
mjpayne44 | 0 | 0 | [Comment](/r/fantasyfootball/comments/1gn8mr8/official_wdis_ktedef_sat_morning_11092024/lw8s8zz/)
Outrageous_Island757 | 0 | 0 | [Comment](/r/fantasyfootball/comments/1gn8mr8/official_wdis_ktedef_sat_morning_11092024/lw8v4u5/)
forde250 | 0 | 0 | [Comment](/r/fantasyfootball/comments/1gn8mr8/official_wdis_ktedef_sat_morning_11092024/lw8vwba/)
RandomGuy2334 | 0 | 0 | [Comment](/r/fantasyfootball/comments/1gn8mr8/official_wdis_ktedef_sat_morning_11092024/lw91nth/)
KeySyrup6044 | 0 | 0 | [Comment](/r/fantasyfootball/comments/1gn8mr8/official_wdis_ktedef_sat_morning_11092024/lw93nde/)
Conceitedreality | 0 | 0 | [Comment](/r/fantasyfootball/comments/1gn8mr8/official_wdis_ktedef_sat_morning_11092024/lw94awq/)
**and 4 others.**| | 

^(This table will be updated every ~15 minutes.)
 --- 

#[Official: [WDIS QB] - Sat Morning 11/09/2024](/r/fantasyfootball/comments/1gn8ms5/official_wdis_qb_sat_morning_11092024/)

-------------



User | # Helped in thread | # Helped in all threads | Direct Link
----|:-----:|:-----:|----
frankthetank425 | 2 | 6 | [Comment](/r/fantasyfootball/comments/1gn8ms5/official_wdis_qb_sat_morning_11092024/lw92bzh/)
Haytham_Ken | 0 | 1 | [Comment](/r/fantasyfootball/comments/1gn8ms5/official_wdis_qb_sat_morning_11092024/lw8sz9t/)
v_a_n_d_e_l_a_y | 0 | 1 | [Comment](/r/fantasyfootball/comments/1gn8ms5/official_wdis_qb_sat_morning_11092024/lw9cjfq/)
Cjar25 | 0 | 0 | [Comment](/r/fantasyfootball/comments/1gn8ms5/official_wdis_qb_sat_morning_11092024/lw8q42b/)
mwg3c | 0 | 0 | [Comment](/r/fantasyfootball/comments/1gn8ms5/official_wdis_qb_sat_morning_11092024/lw8r02d/)
Dakota150 | 0 | 0 | [Comment](/r/fantasyfootball/comments/1gn8ms5/official_wdis_qb_sat_morning_11092024/lw8u5cz/)
thatnewrep | 0 | 0 | [Comment](/r/fantasyfootball/comments/1gn8ms5/official_wdis_qb_sat_morning_11092024/lw8wsq1/)
Rezands | 0 | 0 | [Comment](/r/fantasyfootball/comments/1gn8ms5/official_wdis_qb_sat_morning_11092024/lw8wtnq/)
Bread_Responsible | 0 | 0 | [Comment](/r/fantasyfootball/comments/1gn8ms5/official_wdis_qb_sat_morning_11092024/lw8yk6m/)
Trunk61 | 0 | 0 | [Comment](/r/fantasyfootball/comments/1gn8ms5/official_wdis_qb_sat_morning_11092024/lw92nw4/)
DashingCN | 0 | 0 | [Comment](/r/fantasyfootball/comments/1gn8ms5/official_wdis_qb_sat_morning_11092024/lw97hwu/)
AJR1988 | 0 | 0 | [Comment](/r/fantasyfootball/comments/1gn8ms5/official_wdis_qb_sat_morning_11092024/lw98k6t/)
Longjumping-Mood-502 | 0 | 0 | [Comment](/r/fantasyfootball/comments/1gn8ms5/official_wdis_qb_sat_morning_11092024/lw99z1k/)
**and 1 others.**| | 

^(This table will be updated every ~15 minutes.)
 --- 

#[Official: [WDIS RB] - Sat Morning 11/09/2024](/r/fantasyfootball/comments/1gn8mt8/official_wdis_rb_sat_morning_11092024/)

-------------



User | # Helped in thread | # Helped in all threads | Direct Link
----|:-----:|:-----:|----
Independent-Flow4034 | 2 | 2 | [Comment](/r/fantasyfootball/comments/1gn8mt8/official_wdis_rb_sat_morning_11092024/lw8s5z4/)
Strange_Control8788 | 2 | 2 | [Comment](/r/fantasyfootball/comments/1gn8mt8/official_wdis_rb_sat_morning_11092024/lw975xl/)
romeocoello87 | 0 | 5 | [Comment](/r/fantasyfootball/comments/1gn8mt8/official_wdis_rb_sat_morning_11092024/lw92s2u/)
Acceptable_Home_8541 | 0 | 1 | [Comment](/r/fantasyfootball/comments/1gn8mt8/official_wdis_rb_sat_morning_11092024/lw93mu1/)
blankeh | 0 | 0 | [Comment](/r/fantasyfootball/comments/1gn8mt8/official_wdis_rb_sat_morning_11092024/lw8onbf/)
notformeclive4711 | 0 | 0 | [Comment](/r/fantasyfootball/comments/1gn8mt8/official_wdis_rb_sat_morning_11092024/lw8oq76/)
CallOnTyrone | 0 | 0 | [Comment](/r/fantasyfootball/comments/1gn8mt8/official_wdis_rb_sat_morning_11092024/lw8ozl2/)
elighdom | 0 | 0 | [Comment](/r/fantasyfootball/comments/1gn8mt8/official_wdis_rb_sat_morning_11092024/lw8pq45/)
mwg3c | 0 | 0 | [Comment](/r/fantasyfootball/comments/1gn8mt8/official_wdis_rb_sat_morning_11092024/lw8qtbt/)
Key-Tip-7521 | 0 | 0 | [Comment](/r/fantasyfootball/comments/1gn8mt8/official_wdis_rb_sat_morning_11092024/lw8rwxd/)
Pennyworth75 | 0 | 0 | [Comment](/r/fantasyfootball/comments/1gn8mt8/official_wdis_rb_sat_morning_11092024/lw8x08r/)
Careful_Proposal_444 | 0 | 0 | [Comment](/r/fantasyfootball/comments/1gn8mt8/official_wdis_rb_sat_morning_11092024/lw8zysm/)
Alds_j | 0 | 0 | [Comment](/r/fantasyfootball/comments/1gn8mt8/official_wdis_rb_sat_morning_11092024/lw91ksa/)
**and 4 others.**| | 

^(This table will be updated every ~15 minutes.)
 --- 

#[Official: [WDIS WR] - Sat Morning 11/09/2024](/r/fantasyfootball/comments/1gn8mu0/official_wdis_wr_sat_morning_11092024/)

-------------



User | # Helped in thread | # Helped in all threads | Direct Link
----|:-----:|:-----:|----
gmc5000 | 3 | 6 | [Comment](/r/fantasyfootball/comments/1gn8mu0/official_wdis_wr_sat_morning_11092024/lw96fdc/)
RubExtension9150 | 1 | 1 | [Comment](/r/fantasyfootball/comments/1gn8mu0/official_wdis_wr_sat_morning_11092024/lw941mf/)
rxdukexr | 1 | 1 | [Comment](/r/fantasyfootball/comments/1gn8mu0/official_wdis_wr_sat_morning_11092024/lw9cc3x/)
romeocoello87 | 0 | 5 | [Comment](/r/fantasyfootball/comments/1gn8mu0/official_wdis_wr_sat_morning_11092024/lw8wmnh/)
givemetendies12 | 0 | 1 | [Comment](/r/fantasyfootball/comments/1gn8mu0/official_wdis_wr_sat_morning_11092024/lw8lwgt/)
Acceptable_Home_8541 | 0 | 1 | [Comment](/r/fantasyfootball/comments/1gn8mu0/official_wdis_wr_sat_morning_11092024/lw93uuu/)
AnalBees2 | 0 | 1 | [Comment](/r/fantasyfootball/comments/1gn8mu0/official_wdis_wr_sat_morning_11092024/lw95r7v/)
zdawson56 | 0 | 0 | [Comment](/r/fantasyfootball/comments/1gn8mu0/official_wdis_wr_sat_morning_11092024/lw8k9mo/)
kentuckyfella123 | 0 | 0 | [Comment](/r/fantasyfootball/comments/1gn8mu0/official_wdis_wr_sat_morning_11092024/lw8lv0b/)
CallOnTyrone | 0 | 0 | [Comment](/r/fantasyfootball/comments/1gn8mu0/official_wdis_wr_sat_morning_11092024/lw8otq6/)
Cjar25 | 0 | 0 | [Comment](/r/fantasyfootball/comments/1gn8mu0/official_wdis_wr_sat_morning_11092024/lw8q61y/)
mwg3c | 0 | 0 | [Comment](/r/fantasyfootball/comments/1gn8mu0/official_wdis_wr_sat_morning_11092024/lw8rgga/)
Bounty-Bossk | 0 | 0 | [Comment](/r/fantasyfootball/comments/1gn8mu0/official_wdis_wr_sat_morning_11092024/lw8rncb/)
**and 18 others.**| | 

^(This table will be updated every ~15 minutes.)",1731153942.0,0
Official: [WDIS WR] - Sat Morning 11/09/2024,1,https://www.reddit.com/r/fantasyfootball/comments/1gn8mu0/official_wdis_wr_sat_morning_11092024/,1gn8mu0,FFBot,"**Post your Who Do I Start (WDIS) questions here for your WR positions ONLY.**


-------------

**PLEASE INCLUDE THE FOLLOWING IN YOUR WDIS POSTS**

* Position-specific scoring rules (PPR, TE premium, 4 or 6 pt passing TD, etc.)
* Other league specific rules and details (league size, std/PPR, roster details, custom scoring, bonuses etc.)     
* This week's opponents of your players
* Entire roster if helpful

---------------------

**PLEASE TRY TO ANSWER SEVERAL OTHER PEOPLE'S QUESTIONS BEFORE POSTING YOUR OWN**

* When answering questions, please make sure to **sort by NEW!**

----------------

**WHEN ANSWERING QUESTIONS**

* Do **NOT** reply with only the player name. This just removes the other person from the index without them getting information. You are not helping.
* Explain why you would start that player.
* Remember most people know how to look up rankings. They come here for discussion, start a discussion!
* **Please respond directly to the OP or the Bot will not pick up your comment**

----------------
**individual WDIS threads posted after this point will be deleted in order to keep the subreddit clean. Post here instead! If everyone sorts by new, your questions should be answered.**
----
**The following users have helped the most people in this thread:**

User | # Helped in thread
-------|:-----:
gmc5000|6
Childish-KBino|4
shejellybean68|2
romeocoello87|2
zt004|1

-------------

**The following posts have less than two replies in this thread. Please respond directly to the OP or the Bot will not pick up your comment. Please provide quality replies, short answers will be ignored.** 

 **Would you like your post to be at the top of the list? Remember that the table is sorted by those that have helped the most other users.** 



User | # Helped in thread | # Helped in all threads | Direct Link
----|:-----:|:-----:|----
gmc5000 | 3 | 6 | [Comment](/r/fantasyfootball/comments/1gn8mu0/official_wdis_wr_sat_morning_11092024/lw96fdc/)
RubExtension9150 | 1 | 1 | [Comment](/r/fantasyfootball/comments/1gn8mu0/official_wdis_wr_sat_morning_11092024/lw941mf/)
rxdukexr | 1 | 1 | [Comment](/r/fantasyfootball/comments/1gn8mu0/official_wdis_wr_sat_morning_11092024/lw9cc3x/)
romeocoello87 | 0 | 5 | [Comment](/r/fantasyfootball/comments/1gn8mu0/official_wdis_wr_sat_morning_11092024/lw8wmnh/)
givemetendies12 | 0 | 1 | [Comment](/r/fantasyfootball/comments/1gn8mu0/official_wdis_wr_sat_morning_11092024/lw8lwgt/)
Acceptable_Home_8541 | 0 | 1 | [Comment](/r/fantasyfootball/comments/1gn8mu0/official_wdis_wr_sat_morning_11092024/lw93uuu/)
AnalBees2 | 0 | 1 | [Comment](/r/fantasyfootball/comments/1gn8mu0/official_wdis_wr_sat_morning_11092024/lw95r7v/)
zdawson56 | 0 | 0 | [Comment](/r/fantasyfootball/comments/1gn8mu0/official_wdis_wr_sat_morning_11092024/lw8k9mo/)
kentuckyfella123 | 0 | 0 | [Comment](/r/fantasyfootball/comments/1gn8mu0/official_wdis_wr_sat_morning_11092024/lw8lv0b/)
CallOnTyrone | 0 | 0 | [Comment](/r/fantasyfootball/comments/1gn8mu0/official_wdis_wr_sat_morning_11092024/lw8otq6/)
Cjar25 | 0 | 0 | [Comment](/r/fantasyfootball/comments/1gn8mu0/official_wdis_wr_sat_morning_11092024/lw8q61y/)
mwg3c | 0 | 0 | [Comment](/r/fantasyfootball/comments/1gn8mu0/official_wdis_wr_sat_morning_11092024/lw8rgga/)
Bounty-Bossk | 0 | 0 | [Comment](/r/fantasyfootball/comments/1gn8mu0/official_wdis_wr_sat_morning_11092024/lw8rncb/)
Dakota150 | 0 | 0 | [Comment](/r/fantasyfootball/comments/1gn8mu0/official_wdis_wr_sat_morning_11092024/lw8uxds/)
OnKiNiO | 0 | 0 | [Comment](/r/fantasyfootball/comments/1gn8mu0/official_wdis_wr_sat_morning_11092024/lw8vhjf/)
kj022014 | 0 | 0 | [Comment](/r/fantasyfootball/comments/1gn8mu0/official_wdis_wr_sat_morning_11092024/lw8vxbe/)
BlueinSB | 0 | 0 | [Comment](/r/fantasyfootball/comments/1gn8mu0/official_wdis_wr_sat_morning_11092024/lw8w8hf/)
airpodwearer | 0 | 0 | [Comment](/r/fantasyfootball/comments/1gn8mu0/official_wdis_wr_sat_morning_11092024/lw8wk2a/)
Samson530 | 0 | 0 | [Comment](/r/fantasyfootball/comments/1gn8mu0/official_wdis_wr_sat_morning_11092024/lw8x6ru/)
TempleWong | 0 | 0 | [Comment](/r/fantasyfootball/comments/1gn8mu0/official_wdis_wr_sat_morning_11092024/lw8xt63/)
Yhcti | 0 | 0 | [Comment](/r/fantasyfootball/comments/1gn8mu0/official_wdis_wr_sat_morning_11092024/lw8yx0l/)
WiscoFIB | 0 | 0 | [Comment](/r/fantasyfootball/comments/1gn8mu0/official_wdis_wr_sat_morning_11092024/lw8zcnu/)
Careful_Proposal_444 | 0 | 0 | [Comment](/r/fantasyfootball/comments/1gn8mu0/official_wdis_wr_sat_morning_11092024/lw903wx/)
isedmiston | 0 | 0 | [Comment](/r/fantasyfootball/comments/1gn8mu0/official_wdis_wr_sat_morning_11092024/lw906t5/)
T_Hurley | 0 | 0 | [Comment](/r/fantasyfootball/comments/1gn8mu0/official_wdis_wr_sat_morning_11092024/lw93vv5/)
Okeydokey578 | 0 | 0 | [Comment](/r/fantasyfootball/comments/1gn8mu0/official_wdis_wr_sat_morning_11092024/lw95200/)
sussysand | 0 | 0 | [Comment](/r/fantasyfootball/comments/1gn8mu0/official_wdis_wr_sat_morning_11092024/lw96wr2/)
WhereTheSkiesEnd | 0 | 0 | [Comment](/r/fantasyfootball/comments/1gn8mu0/official_wdis_wr_sat_morning_11092024/lw98dys/)
monoclesmash | 0 | 0 | [Comment](/r/fantasyfootball/comments/1gn8mu0/official_wdis_wr_sat_morning_11092024/lw99e92/)
TheCarrTel | 0 | 0 | [Comment](/r/fantasyfootball/comments/1gn8mu0/official_wdis_wr_sat_morning_11092024/lw9a51w/)
BlueSwoosh248 | 0 | 0 | [Comment](/r/fantasyfootball/comments/1gn8mu0/official_wdis_wr_sat_morning_11092024/lw9b4xb/)

^(This table will be updated every ~15 minutes.)",1731153829.0,69
Official: [WDIS RB] - Sat Morning 11/09/2024,2,https://www.reddit.com/r/fantasyfootball/comments/1gn8mt8/official_wdis_rb_sat_morning_11092024/,1gn8mt8,FFBot,"**Post your Who Do I Start (WDIS) questions here for your RB positions ONLY.**


-------------

**PLEASE INCLUDE THE FOLLOWING IN YOUR WDIS POSTS**

* Position-specific scoring rules (PPR, TE premium, 4 or 6 pt passing TD, etc.)
* Other league specific rules and details (league size, std/PPR, roster details, custom scoring, bonuses etc.)     
* This week's opponents of your players
* Entire roster if helpful

---------------------

**PLEASE TRY TO ANSWER SEVERAL OTHER PEOPLE'S QUESTIONS BEFORE POSTING YOUR OWN**

* When answering questions, please make sure to **sort by NEW!**

----------------

**WHEN ANSWERING QUESTIONS**

* Do **NOT** reply with only the player name. This just removes the other person from the index without them getting information. You are not helping.
* Explain why you would start that player.
* Remember most people know how to look up rankings. They come here for discussion, start a discussion!
* **Please respond directly to the OP or the Bot will not pick up your comment**

----------------
**individual WDIS threads posted after this point will be deleted in order to keep the subreddit clean. Post here instead! If everyone sorts by new, your questions should be answered.**
----
**The following users have helped the most people in this thread:**

User | # Helped in thread
-------|:-----:
mrgorporp|5
Strange_Control8788|2
Independent-Flow4034|2
romeocoello87|1
OneandonlyBK|1

-------------

**The following posts have less than two replies in this thread. Please respond directly to the OP or the Bot will not pick up your comment. Please provide quality replies, short answers will be ignored.** 

 **Would you like your post to be at the top of the list? Remember that the table is sorted by those that have helped the most other users.** 



User | # Helped in thread | # Helped in all threads | Direct Link
----|:-----:|:-----:|----
Independent-Flow4034 | 2 | 2 | [Comment](/r/fantasyfootball/comments/1gn8mt8/official_wdis_rb_sat_morning_11092024/lw8s5z4/)
Strange_Control8788 | 2 | 2 | [Comment](/r/fantasyfootball/comments/1gn8mt8/official_wdis_rb_sat_morning_11092024/lw975xl/)
romeocoello87 | 0 | 5 | [Comment](/r/fantasyfootball/comments/1gn8mt8/official_wdis_rb_sat_morning_11092024/lw92s2u/)
Acceptable_Home_8541 | 0 | 1 | [Comment](/r/fantasyfootball/comments/1gn8mt8/official_wdis_rb_sat_morning_11092024/lw93mu1/)
blankeh | 0 | 0 | [Comment](/r/fantasyfootball/comments/1gn8mt8/official_wdis_rb_sat_morning_11092024/lw8onbf/)
notformeclive4711 | 0 | 0 | [Comment](/r/fantasyfootball/comments/1gn8mt8/official_wdis_rb_sat_morning_11092024/lw8oq76/)
CallOnTyrone | 0 | 0 | [Comment](/r/fantasyfootball/comments/1gn8mt8/official_wdis_rb_sat_morning_11092024/lw8ozl2/)
elighdom | 0 | 0 | [Comment](/r/fantasyfootball/comments/1gn8mt8/official_wdis_rb_sat_morning_11092024/lw8pq45/)
mwg3c | 0 | 0 | [Comment](/r/fantasyfootball/comments/1gn8mt8/official_wdis_rb_sat_morning_11092024/lw8qtbt/)
Key-Tip-7521 | 0 | 0 | [Comment](/r/fantasyfootball/comments/1gn8mt8/official_wdis_rb_sat_morning_11092024/lw8rwxd/)
Pennyworth75 | 0 | 0 | [Comment](/r/fantasyfootball/comments/1gn8mt8/official_wdis_rb_sat_morning_11092024/lw8x08r/)
Careful_Proposal_444 | 0 | 0 | [Comment](/r/fantasyfootball/comments/1gn8mt8/official_wdis_rb_sat_morning_11092024/lw8zysm/)
Alds_j | 0 | 0 | [Comment](/r/fantasyfootball/comments/1gn8mt8/official_wdis_rb_sat_morning_11092024/lw91ksa/)
quikboarder | 0 | 0 | [Comment](/r/fantasyfootball/comments/1gn8mt8/official_wdis_rb_sat_morning_11092024/lw97cen/)
cyraxx88 | 0 | 0 | [Comment](/r/fantasyfootball/comments/1gn8mt8/official_wdis_rb_sat_morning_11092024/lw98kjr/)
KennyK423 | 0 | 0 | [Comment](/r/fantasyfootball/comments/1gn8mt8/official_wdis_rb_sat_morning_11092024/lw99p8j/)
Gold-Sheepherder6023 | 0 | 0 | [Comment](/r/fantasyfootball/comments/1gn8mt8/official_wdis_rb_sat_morning_11092024/lw99sdy/)

^(This table will be updated every ~15 minutes.)",1731153826.0,31
