Title,Publication Date,Content,Link
Sports - Teller Report,No date found,"Now you can see non-English news...
© Communities 2019 - Privacy...",https://www.tellerreport.com/sports
"Mountain View, CA Sports and More | NewsBreak",No date found,"Mountain View
This weekend saw a flurry of action in Bay Area high school football, with notable performances shaping the playoff picture. Among the highlights, De La Salle and Pittsburg secured dominant wins, while some ranked teams faced setbacks. The matchups across various leagues showcased high-scoring games and surprising results, particularly for the Bay Area News Group Top 25 teams. The landscape is adjusting as the season heads into its final weeks with playoff positions at stake.
San J...",https://www.newsbreak.com/mountain-view-ca-sports
Sports - The Limited Times,No date found,"Now you can see non-English news...
 Champions League: UEFA confirms and explains its new competitions from next season2024-03-05T09:29:32.508Z
 Bayern fans are completely freaking out about Mathys Tel2024-03-05T09:19:33.179Z
 Bayern fans will listen carefully: Zidane talks about a possible coaching comeback2024-03-05T09:18:28.770Z
 Watzke is raging after the Bundesliga's investor deal collapsed2024-03-05T09:18:04.011Z
 Tennis: Rafael Nadal, in Indian Wells it's off to a comeback2024-03-05T09:12...",https://newsrnd.com/sports
Not the Bee | Sports,No date found,© 2024 Not the Bee. All rights reserved....,https://notthebee.com/sports
Sports – UPROXX,2024-11-11T16:37:23-05:00,...,https://uproxx.com/sports/
